Tue Jun 11 16:45:50 2019,7920.12
Tue Jun 11 16:45:51 2019,7920.12
Tue Jun 11 16:45:52 2019,7920.12
Tue Jun 11 16:45:53 2019,7920.12
Tue Jun 11 16:45:54 2019,7920.12
Tue Jun 11 16:45:55 2019,7920.12
Tue Jun 11 16:45:56 2019,7920.12
Tue Jun 11 16:45:57 2019,7920.12
Tue Jun 11 16:45:58 2019,7920.12
Tue Jun 11 16:45:59 2019,7920.12
Fri Jun 14 10:51:40 2019,8422.605
Fri Jun 14 10:51:41 2019,8422.605
Fri Jun 14 10:51:42 2019,8422.605
Fri Jun 14 10:51:43 2019,8422.605
Fri Jun 14 10:51:44 2019,8422.605
Fri Jun 14 10:51:45 2019,8422.605
Fri Jun 14 10:51:46 2019,8422.605
Fri Jun 14 10:51:47 2019,8422.605
Fri Jun 14 10:51:48 2019,8422.605
Fri Jun 14 10:51:49 2019,8422.605
Fri Jun 14 10:51:50 2019,8422.605
Fri Jun 14 10:51:51 2019,8422.605
Fri Jun 14 10:51:52 2019,8422.605
Fri Jun 14 10:51:53 2019,8422.605
Fri Jun 14 11:01:59 2019,8417.0367
Fri Jun 14 11:02:00 2019,8417.0367
Fri Jun 14 11:02:01 2019,8417.0367
Fri Jun 14 11:02:02 2019,8417.0367
Fri Jun 14 11:02:03 2019,8417.0367
Fri Jun 14 11:02:04 2019,8417.0367
Fri Jun 14 11:02:05 2019,8417.0367
Fri Jun 14 11:02:06 2019,8417.0367
Fri Jun 14 11:02:07 2019,8417.0367
Fri Jun 14 11:02:08 2019,8417.0367
Fri Jun 14 11:02:09 2019,8417.0367
Fri Jun 14 11:02:10 2019,8417.0367
Fri Jun 14 11:02:11 2019,8417.0367
Fri Jun 14 11:02:12 2019,8417.0367
Fri Jun 14 11:02:14 2019,8417.0267
Fri Jun 14 11:02:15 2019,8417.0267
Fri Jun 14 11:02:16 2019,8417.0267
Fri Jun 14 11:02:17 2019,8417.0267
Fri Jun 14 11:02:18 2019,8417.0267
Fri Jun 14 11:02:19 2019,8417.0267
Fri Jun 14 11:02:20 2019,8417.0267
Fri Jun 14 11:02:21 2019,8417.0267
Fri Jun 14 11:02:22 2019,8417.0267
Fri Jun 14 11:02:23 2019,8417.0267
Fri Jun 14 11:02:24 2019,8417.0267
Fri Jun 14 11:02:25 2019,8417.0267
Fri Jun 14 11:02:26 2019,8417.0267
Fri Jun 14 11:02:27 2019,8417.0267
Fri Jun 14 11:02:28 2019,8417.0267
Fri Jun 14 11:02:29 2019,8417.0267
Fri Jun 14 11:02:30 2019,8417.0267
Fri Jun 14 11:02:31 2019,8417.0267
Fri Jun 14 11:02:32 2019,8417.0267
Fri Jun 14 11:10:35 2019,8416.7117
Fri Jun 14 11:10:36 2019,8416.7117
Fri Jun 14 11:22:11 2019,8426.7217
Fri Jun 14 11:22:12 2019,8426.7217
Fri Jun 14 11:22:13 2019,8426.7217
Fri Jun 14 11:22:14 2019,8426.7217
Fri Jun 14 11:22:15 2019,8426.7217
Fri Jun 14 11:22:16 2019,8426.7217
Fri Jun 14 11:22:17 2019,8426.7217
Fri Jun 14 11:22:18 2019,8426.7217
Fri Jun 14 11:22:19 2019,8426.7217
Fri Jun 14 11:22:20 2019,8426.7217
Fri Jun 14 11:22:21 2019,8426.7217
Fri Jun 14 11:22:22 2019,8426.7217
Fri Jun 14 11:22:23 2019,8426.7217
Fri Jun 14 11:22:24 2019,8426.7217
Fri Jun 14 11:22:25 2019,8426.7217
Fri Jun 14 11:22:26 2019,8426.7217
Fri Jun 14 11:22:27 2019,8426.7217
Fri Jun 14 11:22:28 2019,8426.7217
Fri Jun 14 11:22:29 2019,8426.7217
Fri Jun 14 11:22:30 2019,8426.7217
Fri Jun 14 11:22:31 2019,8426.7217
Fri Jun 14 11:22:32 2019,8426.7217
Fri Jun 14 11:22:33 2019,8426.7217
Fri Jun 14 11:22:34 2019,8426.7217
Fri Jun 14 11:22:35 2019,8426.7217
Fri Jun 14 11:22:36 2019,8426.7217
Fri Jun 14 11:22:37 2019,8426.7217
Fri Jun 14 11:22:38 2019,8426.7217
Fri Jun 14 11:22:39 2019,8426.7217
Fri Jun 14 11:22:40 2019,8426.7217
Fri Jun 14 11:22:41 2019,8426.7217
Fri Jun 14 11:22:42 2019,8426.7217
Fri Jun 14 11:22:43 2019,8426.7217
Fri Jun 14 11:22:44 2019,8426.7217
Fri Jun 14 11:22:45 2019,8426.7217
Fri Jun 14 11:22:46 2019,8426.7217
Fri Jun 14 11:22:47 2019,8426.7217
Fri Jun 14 11:22:48 2019,8426.7217
Fri Jun 14 11:22:49 2019,8426.7217
Fri Jun 14 11:22:50 2019,8426.7217
Fri Jun 14 11:22:51 2019,8426.7217
Fri Jun 14 11:22:52 2019,8426.7217
Fri Jun 14 11:22:53 2019,8426.7217
Fri Jun 14 11:22:54 2019,8426.7217
Fri Jun 14 11:22:55 2019,8426.7217
Fri Jun 14 11:22:57 2019,8426.7217
Fri Jun 14 11:22:58 2019,8426.7217
Fri Jun 14 11:22:59 2019,8426.7217
Fri Jun 14 11:23:00 2019,8426.7217
Fri Jun 14 11:23:01 2019,8426.7217
Fri Jun 14 11:23:02 2019,8426.7217
Fri Jun 14 11:23:03 2019,8426.7217
Fri Jun 14 11:23:04 2019,8426.7217
Fri Jun 14 11:23:05 2019,8426.7217
Fri Jun 14 11:23:06 2019,8426.7217
Fri Jun 14 11:23:07 2019,8426.7217
Fri Jun 14 11:23:08 2019,8426.7217
Fri Jun 14 11:23:09 2019,8422.08
Fri Jun 14 11:23:10 2019,8422.08
Fri Jun 14 11:23:11 2019,8422.08
Fri Jun 14 11:23:12 2019,8422.08
Fri Jun 14 11:23:13 2019,8422.08
Fri Jun 14 11:23:14 2019,8422.08
Fri Jun 14 11:23:15 2019,8422.08
Fri Jun 14 11:23:16 2019,8422.08
Fri Jun 14 11:23:17 2019,8422.08
Fri Jun 14 11:23:18 2019,8422.08
Fri Jun 14 11:23:19 2019,8422.08
Fri Jun 14 11:23:20 2019,8422.08
Fri Jun 14 11:23:21 2019,8422.08
Fri Jun 14 11:23:22 2019,8422.08
Fri Jun 14 11:23:23 2019,8422.08
Fri Jun 14 11:23:24 2019,8422.08
Fri Jun 14 11:23:25 2019,8422.08
Fri Jun 14 11:23:26 2019,8422.08
Fri Jun 14 11:23:27 2019,8422.08
Fri Jun 14 11:23:28 2019,8422.08
Fri Jun 14 11:23:29 2019,8422.08
Fri Jun 14 11:23:30 2019,8422.08
Fri Jun 14 11:23:31 2019,8422.08
Fri Jun 14 11:23:32 2019,8422.08
Fri Jun 14 11:23:33 2019,8422.08
Fri Jun 14 11:23:34 2019,8422.08
Fri Jun 14 11:23:35 2019,8422.08
Fri Jun 14 11:23:36 2019,8422.08
Fri Jun 14 11:23:37 2019,8422.08
Fri Jun 14 11:23:38 2019,8422.08
Fri Jun 14 11:23:39 2019,8422.08
Fri Jun 14 11:23:40 2019,8422.08
Fri Jun 14 11:23:41 2019,8422.08
Fri Jun 14 11:23:42 2019,8422.08
Fri Jun 14 11:23:44 2019,8422.08
Fri Jun 14 11:23:45 2019,8422.08
Fri Jun 14 11:23:46 2019,8422.08
Fri Jun 14 11:23:47 2019,8422.08
Fri Jun 14 11:23:48 2019,8422.08
Fri Jun 14 11:23:49 2019,8422.08
Fri Jun 14 11:23:50 2019,8422.08
Fri Jun 14 11:23:51 2019,8422.08
Fri Jun 14 11:23:52 2019,8422.08
Fri Jun 14 11:23:53 2019,8422.08
Fri Jun 14 11:23:54 2019,8422.08
Fri Jun 14 11:23:55 2019,8422.08
Fri Jun 14 11:23:56 2019,8422.08
Fri Jun 14 11:23:57 2019,8422.08
Fri Jun 14 11:23:58 2019,8422.08
Fri Jun 14 11:23:59 2019,8422.08
Fri Jun 14 11:24:00 2019,8422.08
Fri Jun 14 11:24:01 2019,8422.08
Fri Jun 14 11:24:02 2019,8422.08
Fri Jun 14 11:24:03 2019,8422.08
Fri Jun 14 11:24:04 2019,8422.08
Fri Jun 14 11:24:05 2019,8422.08
Fri Jun 14 11:24:06 2019,8422.08
Fri Jun 14 11:24:07 2019,8422.08
Fri Jun 14 11:24:08 2019,8422.08
Fri Jun 14 11:24:09 2019,8422.08
Fri Jun 14 11:24:10 2019,8420.3583
Fri Jun 14 11:24:11 2019,8420.3583
Fri Jun 14 11:24:12 2019,8420.3583
Fri Jun 14 11:24:13 2019,8420.3583
Fri Jun 14 11:24:14 2019,8420.3583
Fri Jun 14 11:24:15 2019,8420.3583
Fri Jun 14 11:24:16 2019,8420.3583
Fri Jun 14 11:24:17 2019,8420.3583
Fri Jun 14 11:24:18 2019,8420.3583
Fri Jun 14 11:24:19 2019,8420.3583
Fri Jun 14 11:24:21 2019,8420.3583
Fri Jun 14 11:24:22 2019,8420.3583
Fri Jun 14 11:24:23 2019,8420.3583
Fri Jun 14 11:24:24 2019,8420.3583
Fri Jun 14 11:24:25 2019,8420.3583
Fri Jun 14 11:24:26 2019,8420.3583
Fri Jun 14 11:24:27 2019,8420.3583
Fri Jun 14 11:24:28 2019,8420.3583
Fri Jun 14 11:24:29 2019,8420.3583
Fri Jun 14 11:24:30 2019,8420.3583
Fri Jun 14 11:24:31 2019,8420.3583
Fri Jun 14 11:24:32 2019,8420.3583
Fri Jun 14 11:24:33 2019,8420.3583
Fri Jun 14 11:24:34 2019,8420.3583
Fri Jun 14 11:24:35 2019,8420.3583
Fri Jun 14 11:24:36 2019,8420.3583
Fri Jun 14 11:24:37 2019,8420.3583
Fri Jun 14 11:24:38 2019,8420.3583
Fri Jun 14 11:24:39 2019,8420.3583
Fri Jun 14 11:24:40 2019,8420.3583
Fri Jun 14 11:24:41 2019,8416.4917
Fri Jun 14 11:24:42 2019,8416.4917
Fri Jun 14 11:24:43 2019,8416.4917
Fri Jun 14 11:24:44 2019,8416.4917
Fri Jun 14 11:24:45 2019,8416.4917
Fri Jun 14 11:24:46 2019,8416.4917
Fri Jun 14 11:24:47 2019,8416.4917
Fri Jun 14 11:24:49 2019,8416.4917
Fri Jun 14 11:24:50 2019,8416.4917
Fri Jun 14 11:24:51 2019,8416.4917
Fri Jun 14 11:24:52 2019,8416.4917
Fri Jun 14 11:24:53 2019,8416.4917
Fri Jun 14 11:24:54 2019,8416.4917
Fri Jun 14 11:24:55 2019,8416.4917
Fri Jun 14 11:24:56 2019,8416.4917
Fri Jun 14 11:24:57 2019,8416.4917
Fri Jun 14 11:24:58 2019,8416.4917
Fri Jun 14 11:24:59 2019,8416.4917
Fri Jun 14 11:25:00 2019,8416.4917
Fri Jun 14 11:25:01 2019,8416.4917
Fri Jun 14 11:25:02 2019,8416.4917
Fri Jun 14 11:25:03 2019,8416.4917
Fri Jun 14 11:25:05 2019,8416.4917
Fri Jun 14 11:25:06 2019,8416.4917
Fri Jun 14 11:25:07 2019,8416.4917
Fri Jun 14 11:25:08 2019,8416.4917
Fri Jun 14 11:25:09 2019,8416.4917
Fri Jun 14 11:25:10 2019,8416.4917
Fri Jun 14 11:25:11 2019,8416.4917
Fri Jun 14 11:25:12 2019,8410.2117
Fri Jun 14 11:25:13 2019,8410.2117
Fri Jun 14 11:25:14 2019,8410.2117
Fri Jun 14 11:25:15 2019,8410.2117
Fri Jun 14 11:25:16 2019,8410.2117
Fri Jun 14 11:25:17 2019,8410.2117
Fri Jun 14 11:25:18 2019,8410.2117
Fri Jun 14 11:25:19 2019,8410.2117
Fri Jun 14 11:25:20 2019,8410.2117
Fri Jun 14 11:25:21 2019,8410.2117
Fri Jun 14 11:25:22 2019,8410.2117
Fri Jun 14 11:25:23 2019,8410.2117
Fri Jun 14 11:25:24 2019,8410.2117
Fri Jun 14 11:25:25 2019,8410.2117
Fri Jun 14 11:25:26 2019,8410.2117
Fri Jun 14 11:25:27 2019,8410.2117
Fri Jun 14 11:25:28 2019,8410.2117
Fri Jun 14 11:25:29 2019,8410.2117
Fri Jun 14 11:25:30 2019,8410.2117
Fri Jun 14 11:25:31 2019,8410.2117
Fri Jun 14 11:25:32 2019,8410.2117
Fri Jun 14 11:25:33 2019,8410.2117
Fri Jun 14 11:25:34 2019,8410.2117
Fri Jun 14 11:25:35 2019,8410.2117
Fri Jun 14 11:25:36 2019,8410.2117
Fri Jun 14 11:25:37 2019,8410.2117
Wed Jun 19 17:21:17 2019,9275.5833
Wed Jun 19 17:21:18 2019,9275.5833
Wed Jun 19 17:21:19 2019,9275.5833
Wed Jun 19 17:21:21 2019,9275.5833
Wed Jun 19 17:21:23 2019,9275.5833
Wed Jun 19 17:21:25 2019,9275.5833
Wed Jun 19 17:21:26 2019,9275.5833
Wed Jun 19 17:21:27 2019,9275.5833
Wed Jun 19 17:21:28 2019,9275.5833
Wed Jun 19 17:21:30 2019,9275.5833
Wed Jun 19 17:21:32 2019,9275.5833
Wed Jun 19 17:21:33 2019,9275.5833
Wed Jun 19 17:21:34 2019,9275.5833
Wed Jun 19 17:21:35 2019,9275.5833
Wed Jun 19 17:21:36 2019,9275.5833
Wed Jun 19 17:21:38 2019,9275.5833
Wed Jun 19 17:21:40 2019,9275.5833
Wed Jun 19 17:21:41 2019,9275.5833
Wed Jun 19 17:21:43 2019,9275.5833
Wed Jun 19 17:21:44 2019,9275.5833
Wed Jun 19 17:21:45 2019,9275.5833
Wed Jun 19 17:21:46 2019,9275.5833
Wed Jun 19 17:21:47 2019,9275.5833
Wed Jun 19 17:21:48 2019,9275.5833
Wed Jun 19 17:21:49 2019,9275.5833
Wed Jun 19 17:21:50 2019,9275.5833
Wed Jun 19 17:21:51 2019,9275.5833
Wed Jun 19 17:21:52 2019,9275.5833
Wed Jun 19 17:21:54 2019,9275.5833
Wed Jun 19 17:21:55 2019,9275.5833
Wed Jun 19 17:21:56 2019,9275.5833
Wed Jun 19 17:21:57 2019,9275.5833
Wed Jun 19 17:21:58 2019,9275.5833
Wed Jun 19 17:21:59 2019,9275.5833
Wed Jun 19 17:22:01 2019,9275.5833
Wed Jun 19 17:22:02 2019,9275.5833
Wed Jun 19 17:22:04 2019,9275.5833
Wed Jun 19 17:22:06 2019,9275.5833
Wed Jun 19 17:22:08 2019,9275.5833
Wed Jun 19 17:22:10 2019,9275.5833
Wed Jun 19 17:22:12 2019,9275.5833
Wed Jun 19 17:22:14 2019,9275.5833
Wed Jun 19 17:22:16 2019,9275.5833
Wed Jun 19 17:22:18 2019,9275.985
Wed Jun 19 17:22:19 2019,9275.985
Wed Jun 19 17:22:20 2019,9275.985
Wed Jun 19 17:22:21 2019,9275.985
Wed Jun 19 17:22:22 2019,9275.985
Wed Jun 19 17:22:24 2019,9275.985
Wed Jun 19 17:22:26 2019,9275.985
Wed Jun 19 17:22:28 2019,9275.985
Wed Jun 19 17:22:29 2019,9275.985
Thu Jun 20 11:51:34 2019,9350.7083
Thu Jun 20 11:51:35 2019,9350.7083
Thu Jun 20 11:51:36 2019,9350.7083
Thu Jun 20 11:51:37 2019,9350.7083
Thu Jun 20 11:51:38 2019,9350.7083
Thu Jun 20 11:51:40 2019,9350.7083
Thu Jun 20 11:51:42 2019,9350.7083
Thu Jun 20 11:51:44 2019,9350.7083
Thu Jun 20 11:51:47 2019,9350.7083
Thu Jun 20 11:51:49 2019,9350.7083
Thu Jun 20 11:51:51 2019,9350.7083
Thu Jun 20 11:51:53 2019,9350.7083
Thu Jun 20 11:51:54 2019,9350.7083
Thu Jun 20 11:51:55 2019,9350.7083
Thu Jun 20 11:51:56 2019,9350.7083
Thu Jun 20 11:51:58 2019,9350.7083
Thu Jun 20 11:52:00 2019,9350.7083
Thu Jun 20 11:52:01 2019,9350.7083
Thu Jun 20 11:52:02 2019,9350.7083
Thu Jun 20 11:52:03 2019,9350.7083
Thu Jun 20 11:52:05 2019,9350.7083
Thu Jun 20 11:52:07 2019,9350.7083
Thu Jun 20 11:52:09 2019,9350.7083
Thu Jun 20 11:52:10 2019,9350.7083
Thu Jun 20 11:52:12 2019,9350.7083
Thu Jun 20 11:52:14 2019,9350.7083
Thu Jun 20 11:52:15 2019,9350.7083
Thu Jun 20 11:52:16 2019,9350.7083
Thu Jun 20 11:52:18 2019,9350.7083
Thu Jun 20 11:52:20 2019,9366.4583
Thu Jun 20 11:52:21 2019,9366.4583
Thu Jun 20 11:52:23 2019,9366.4583
Thu Jun 20 11:52:25 2019,9366.4583
Thu Jun 20 11:52:27 2019,9366.4583
Thu Jun 20 11:52:29 2019,9366.4583
Thu Jun 20 11:52:32 2019,9366.4583
Thu Jun 20 11:52:33 2019,9366.4583
Thu Jun 20 11:52:34 2019,9366.4583
Thu Jun 20 11:52:35 2019,9366.4583
Thu Jun 20 11:52:36 2019,9366.4583
Thu Jun 20 11:52:37 2019,9366.4583
Thu Jun 20 11:52:39 2019,9366.4583
Thu Jun 20 11:52:40 2019,9366.4583
Thu Jun 20 11:52:41 2019,9366.4583
Thu Jun 20 11:52:43 2019,9366.4583
Thu Jun 20 11:52:44 2019,9366.4583
Thu Jun 20 11:52:45 2019,9366.4583
Thu Jun 20 11:52:47 2019,9366.4583
Thu Jun 20 11:52:49 2019,9366.4583
Thu Jun 20 11:52:50 2019,9366.4583
Thu Jun 20 11:52:51 2019,9366.4583
Thu Jun 20 11:52:52 2019,9366.4583
Tue Jun 25 16:59:48 2019,11548.6917
Tue Jun 25 16:59:49 2019,11548.6917
Tue Jun 25 16:59:50 2019,11548.6917
Tue Jun 25 16:59:51 2019,11548.6917
Tue Jun 25 16:59:52 2019,11548.6917
Tue Jun 25 16:59:53 2019,11548.6917
Tue Jun 25 16:59:54 2019,11548.6917
Tue Jun 25 16:59:55 2019,11548.6917
Tue Jun 25 16:59:56 2019,11548.6917
Tue Jun 25 16:59:57 2019,11548.6917
Tue Jun 25 16:59:58 2019,11548.6917
Tue Jun 25 16:59:59 2019,11548.6917
Tue Jun 25 17:00:00 2019,11550.6517
Tue Jun 25 17:00:01 2019,11550.6517
Tue Jun 25 17:00:02 2019,11550.6517
Tue Jun 25 17:00:03 2019,11550.6517
Tue Jun 25 17:00:04 2019,11550.6517
Tue Jun 25 17:00:05 2019,11550.6517
Tue Jun 25 17:00:06 2019,11550.6517
Tue Jun 25 17:00:07 2019,11550.6517
Tue Jun 25 17:00:08 2019,11550.6517
Tue Jun 25 17:00:09 2019,11550.6517
Tue Jun 25 17:00:10 2019,11550.6517
Tue Jun 25 17:21:46 2019,11600.4167
Tue Jun 25 17:21:47 2019,11600.4167
Tue Jun 25 17:21:48 2019,11600.4167
Tue Jun 25 17:21:49 2019,11600.4167
Tue Jun 25 17:21:50 2019,11600.4167
Tue Jun 25 17:21:51 2019,11600.4167
Tue Jun 25 17:21:52 2019,11600.4167
Tue Jun 25 17:21:53 2019,11600.4167
Tue Jun 25 17:21:54 2019,11600.4167
Tue Jun 25 17:21:55 2019,11600.4167
Tue Jun 25 17:21:56 2019,11600.4167
Tue Jun 25 17:21:57 2019,11600.4167
Tue Jun 25 17:21:58 2019,11600.4167
Tue Jun 25 17:21:59 2019,11619.835
Tue Jun 25 17:22:00 2019,11619.835
Tue Jun 25 17:22:01 2019,11619.835
Tue Jun 25 17:22:02 2019,11619.835
Tue Jun 25 17:22:03 2019,11619.835
Tue Jun 25 17:22:04 2019,11619.835
Tue Jun 25 17:22:05 2019,11619.835
Tue Jun 25 17:22:06 2019,11619.835
Tue Jun 25 17:22:07 2019,11619.835
Tue Jun 25 17:22:08 2019,11619.835
Tue Jun 25 17:22:09 2019,11619.835
Tue Jun 25 17:22:10 2019,11619.835
Tue Jun 25 17:22:11 2019,11619.835
Tue Jun 25 17:22:12 2019,11619.835
Tue Jun 25 17:22:13 2019,11619.835
Tue Jun 25 17:22:14 2019,11619.835
Tue Jun 25 17:22:15 2019,11619.835
Tue Jun 25 17:22:16 2019,11619.835
Tue Jun 25 17:22:17 2019,11619.835
Tue Jun 25 17:22:18 2019,11619.835
Tue Jun 25 17:22:19 2019,11619.835
Tue Jun 25 17:22:20 2019,11619.835
Tue Jun 25 17:22:21 2019,11619.835
Tue Jun 25 17:22:22 2019,11619.835
Tue Jun 25 17:22:23 2019,11619.835
Tue Jun 25 17:22:24 2019,11619.835
Tue Jun 25 17:22:25 2019,11619.835
Tue Jun 25 17:22:26 2019,11619.835
Tue Jun 25 17:22:27 2019,11619.835
Tue Jun 25 17:22:28 2019,11619.835
Tue Jun 25 17:22:29 2019,11619.835
Tue Jun 25 17:22:30 2019,11619.835
Tue Jun 25 17:22:31 2019,11619.835
Tue Jun 25 17:22:32 2019,11619.835
Tue Jun 25 17:22:33 2019,11619.835
Tue Jun 25 17:22:34 2019,11619.835
Tue Jun 25 17:22:35 2019,11619.835
Tue Jun 25 17:22:36 2019,11619.835
Tue Jun 25 17:22:37 2019,11619.835
Tue Jun 25 17:22:38 2019,11619.835
Tue Jun 25 17:22:39 2019,11619.835
Tue Jun 25 17:22:40 2019,11619.835
Tue Jun 25 17:22:41 2019,11619.835
Tue Jun 25 17:22:42 2019,11619.835
Tue Jun 25 17:22:43 2019,11619.835
Tue Jun 25 17:22:44 2019,11619.835
Tue Jun 25 17:22:45 2019,11619.835
Tue Jun 25 17:22:46 2019,11619.835
Tue Jun 25 17:22:47 2019,11619.835
Tue Jun 25 17:22:48 2019,11619.835
Tue Jun 25 17:22:49 2019,11619.835
Tue Jun 25 17:22:50 2019,11619.835
Tue Jun 25 17:22:51 2019,11619.835
Tue Jun 25 17:22:52 2019,11619.835
Tue Jun 25 17:22:53 2019,11619.835
Tue Jun 25 17:22:54 2019,11619.835
Tue Jun 25 17:22:55 2019,11619.835
Tue Jun 25 17:22:56 2019,11619.835
Tue Jun 25 17:22:57 2019,11619.835
Tue Jun 25 17:22:58 2019,11619.835
Tue Jun 25 17:22:59 2019,11648.7683
Tue Jun 25 17:23:00 2019,11648.7683
Tue Jun 25 17:23:01 2019,11648.7683
Tue Jun 25 17:23:02 2019,11648.7683
Tue Jun 25 17:23:03 2019,11648.7683
Tue Jun 25 17:23:04 2019,11648.7683
Tue Jun 25 17:23:05 2019,11648.7683
Tue Jun 25 17:23:06 2019,11648.7683
Tue Jun 25 17:23:07 2019,11648.7683
Tue Jun 25 17:23:08 2019,11648.7683
Tue Jun 25 17:23:09 2019,11648.7683
Tue Jun 25 17:23:10 2019,11648.7683
Tue Jun 25 17:23:11 2019,11648.7683
Tue Jun 25 17:23:12 2019,11648.7683
Tue Jun 25 17:23:13 2019,11648.7683
Tue Jun 25 17:23:14 2019,11648.7683
Tue Jun 25 17:23:15 2019,11648.7683
Tue Jun 25 17:23:16 2019,11648.7683
Tue Jun 25 17:23:17 2019,11648.7683
Tue Jun 25 17:23:18 2019,11648.7683
Tue Jun 25 17:23:19 2019,11648.7683
Tue Jun 25 17:23:20 2019,11648.7683
Tue Jun 25 17:23:21 2019,11648.7683
Tue Jun 25 17:23:22 2019,11648.7683
Tue Jun 25 17:23:23 2019,11648.7683
Tue Jun 25 17:23:24 2019,11648.7683
Tue Jun 25 17:23:25 2019,11648.7683
Tue Jun 25 17:23:26 2019,11648.7683
Tue Jun 25 17:23:27 2019,11648.7683
Tue Jun 25 17:23:28 2019,11648.7683
Tue Jun 25 17:23:29 2019,11648.7683
Tue Jun 25 17:23:30 2019,11648.7683
Tue Jun 25 17:23:31 2019,11648.7683
Tue Jun 25 17:23:32 2019,11648.7683
Tue Jun 25 17:23:33 2019,11648.7683
Tue Jun 25 17:23:34 2019,11648.7683
Tue Jun 25 17:23:35 2019,11648.7683
Tue Jun 25 17:23:36 2019,11648.7683
Tue Jun 25 17:23:37 2019,11648.7683
Tue Jun 25 17:23:38 2019,11648.7683
Tue Jun 25 17:23:39 2019,11648.7683
Tue Jun 25 17:23:40 2019,11648.7683
Tue Jun 25 17:23:41 2019,11648.7683
Tue Jun 25 17:23:42 2019,11648.7683
Tue Jun 25 17:23:43 2019,11648.7683
Tue Jun 25 17:23:44 2019,11648.7683
Tue Jun 25 17:23:45 2019,11648.7683
Tue Jun 25 17:33:24 2019,11610.5083
Tue Jun 25 17:33:25 2019,11610.5083
Tue Jun 25 17:33:26 2019,11610.5083
Tue Jun 25 17:33:27 2019,11610.5083
Tue Jun 25 17:33:28 2019,11610.5083
Tue Jun 25 17:33:29 2019,11610.5083
Tue Jun 25 17:33:30 2019,11610.5083
Tue Jun 25 17:33:31 2019,11610.5083
Tue Jun 25 17:33:32 2019,11610.5083
Tue Jun 25 17:33:33 2019,11610.5083
Tue Jun 25 17:33:34 2019,11610.5083
Tue Jun 25 17:33:35 2019,11610.5083
Tue Jun 25 17:33:36 2019,11610.5083
Tue Jun 25 17:33:37 2019,11610.5083
Tue Jun 25 17:37:52 2019,10184.7955
Tue Jun 25 17:37:53 2019,10184.7955
Tue Jun 25 17:37:54 2019,10184.7955
Tue Jun 25 17:37:55 2019,10184.7955
Tue Jul  2 12:11:25 2019,9351.3856
Tue Jul  2 12:11:26 2019,9351.3856
Tue Jul  2 12:11:27 2019,9351.3856
Tue Jul  2 12:11:28 2019,9351.3856
Tue Jul  2 12:11:29 2019,9351.3856
Tue Jul  2 12:11:30 2019,9351.3856
Tue Jul  2 12:11:31 2019,9351.3856
Tue Jul  2 12:11:32 2019,9351.3856
Tue Jul  2 12:11:33 2019,9351.3856
Tue Jul  2 12:11:34 2019,9351.3856
Tue Jul  2 12:11:35 2019,9351.3856
Tue Jul  2 12:11:36 2019,9351.3856
Tue Jul  2 12:11:37 2019,9351.3856
Tue Jul  2 12:11:38 2019,9351.3856
Tue Jul  2 12:11:39 2019,9351.3856
Tue Jul  2 12:11:40 2019,9351.3856
Tue Jul  2 12:11:41 2019,9351.3856
Tue Jul  2 12:11:42 2019,9351.3856
Tue Jul  2 12:11:43 2019,9351.3856
Tue Jul  2 12:11:44 2019,9351.3856
Tue Jul  2 12:11:45 2019,9351.3856
Tue Jul  2 12:11:46 2019,9351.3856
Tue Jul  2 12:11:47 2019,9351.3856
Tue Jul  2 12:11:48 2019,9351.3856
Tue Jul  2 12:11:49 2019,9351.3856
Tue Jul  2 12:11:50 2019,9351.3856
Tue Jul  2 12:11:51 2019,9351.3856
Tue Jul  2 12:11:52 2019,9351.3856
Tue Jul  2 12:11:53 2019,9351.3856
Tue Jul  2 12:11:54 2019,9351.3856
Tue Jul  2 12:11:55 2019,9351.3856
Tue Jul  2 12:11:56 2019,9351.3856
Tue Jul  2 12:11:57 2019,9351.3856
Tue Jul  2 12:11:58 2019,9351.3856
Tue Jul  2 12:11:59 2019,9351.3856
Tue Jul  2 12:12:00 2019,9351.3856
Tue Jul  2 12:12:01 2019,9351.3856
Tue Jul  2 12:12:02 2019,9351.3856
Tue Jul  2 12:12:03 2019,9351.3856
Tue Jul  2 12:12:04 2019,9351.3856
Tue Jul  2 12:12:05 2019,9351.3856
Tue Jul  2 12:12:06 2019,9351.3856
Tue Jul  2 12:12:07 2019,9351.3856
Tue Jul  2 12:12:08 2019,9351.3856
Tue Jul  2 12:12:09 2019,9351.3856
Tue Jul  2 12:12:11 2019,9351.3856
Tue Jul  2 12:12:12 2019,9351.3856
Tue Jul  2 12:12:13 2019,9351.3856
Tue Jul  2 12:12:14 2019,9351.3856
Tue Jul  2 12:12:15 2019,9351.3856
Tue Jul  2 12:12:16 2019,9351.3856
Tue Jul  2 12:12:17 2019,9351.3856
